deal_type,deal_ym,lawd_cd,umd_name,jibun,building_name,area_m2,floor,build_year,deal_year,deal_month,deal_day,deal_amount,deposit,monthly_rent,contract_type,contract_term,pre_deposit,pre_monthly_rent,use_rr_right,dealing_gbn,cdeal_type
아파트_매매,202605,11500,마곡동,1577,마곡나루경남아파트,84.29,8,1991,2026,5,19,93000,,,,,,,,중개거래,
아파트_매매,202605,11500,화곡동,351-89,중앙화곡하이츠,66.24,10,1988,2026,5,23,48000,,,,,,,,중개거래,
아파트_매매,202605,11500,마곡동,744,마곡엠밸리9단지,59.86,6,2021,2026,5,27,145000,,,,,,,,중개거래,
아파트_매매,202605,11500,방화동,860,마곡서광(치현마을),84.93,5,1998,2026,5,26,60000,,,,,,,,중개거래,
아파트_매매,202605,11500,마곡동,1589,마곡힐스테이트,84.98,2,2017,2026,5,30,166000,,,,,,,,중개거래,
아파트_매매,202605,11500,방화동,814,방화5,33.18,13,1994,2026,5,27,40000,,,,,,,,중개거래,
아파트_매매,202605,11500,화곡동,1165,강서힐스테이트,128.81,14,2015,2026,5,20,165000,,,,,,,,중개거래,
아파트_매매,202605,11500,방화동,895,동일스위트리버2차,59.03,5,2009,2026,5,27,59500,,,,,,,,중개거래,
아파트_매매,202605,11500,염창동,240-32,금호타운,84.84,7,1999,2026,5,30,104300,,,,,,,,중개거래,
아파트_매매,202605,11500,화곡동,1165,강서힐스테이트,128.81,6,2015,2026,5,16,140000,,,,,,,,직거래,
아파트_매매,202605,11500,가양동,1461,가양2단지(성지),39.6,5,1992,2026,5,26,79200,,,,,,,,중개거래,
아파트_매매,202605,11500,가양동,1485,가양6단지,58.65,13,1992,2026,5,29,116000,,,,,,,,중개거래,
아파트_매매,202605,11500,등촌동,637-22,대림아르빌아파트,84.6,1,2002,2026,5,18,43500,,,,,,,,직거래,
아파트_매매,202605,11500,방화동,880,치현마을동일스위트리버,84.9588,7,2004,2026,5,12,73500,,,,,,,,중개거래,
아파트_매매,202605,11500,내발산동,728,롯데1차,108.466,6,2002,2026,5,26,102000,,,,,,,,중개거래,
아파트_매매,202605,11500,방화동,860,마곡서광(치현마을),59.67,8,1998,2026,5,27,52000,,,,,,,,중개거래,
아파트_매매,202605,11500,가양동,1485,가양6단지,49.5,4,1992,2026,5,15,70000,,,,,,,,직거래,
아파트_매매,202605,11500,염창동,307,이너스내안에,84.78,12,2011,2026,5,20,93000,,,,,,,,중개거래,
아파트_매매,202605,11500,마곡동,1589,마곡힐스테이트,84.98,2,2017,2026,5,30,166000,,,,,,,,중개거래,O
아파트_매매,202605,11500,마곡동,1168,한림리첸빌101동,84.42,8,2005,2026,5,20,62000,,,,,,,,중개거래,
아파트_매매,202605,11500,화곡동,1145,우장산롯데캐슬,134.99,18,2003,2026,5,30,145000,,,,,,,,중개거래,
아파트_매매,202605,11500,등촌동,695,주공5,58.14,15,1995,2026,5,22,99500,,,,,,,,중개거래,
아파트_매매,202605,11500,화곡동,917-5,남광아파트,45.28,7,2015,2026,5,25,30400,,,,,,,,중개거래,
아파트_매매,202605,11500,등촌동,712,코오롱오투빌2,119.78,8,2002,2026,5,9,110000,,,,,,,,중개거래,
아파트_매매,202605,11500,염창동,292,동아,59.97,2,1998,2026,5,30,93000,,,,,,,,중개거래,
아파트_매매,202605,11500,염창동,262-2,대림,84.87,12,1999,2026,5,22,70000,,,,,,,,중개거래,
아파트_매매,202605,11500,화곡동,919-1,유림노르웨이숲(919-1),64.05,2,2004,2026,5,28,48500,,,,,,,,중개거래,
아파트_매매,202605,11500,가양동,1460,한강타운,84.99,8,1993,2026,5,15,130000,,,,,,,,중개거래,
아파트_매매,202605,11500,내발산동,736,청솔파인힐(736-0),84.65,4,2005,2026,5,11,55000,,,,,,,,직거래,
아파트_매매,202605,11500,방화동,880,치현마을동일스위트리버,84.9829,9,2004,2026,5,7,70000,,,,,,,,직거래,
아파트_매매,202605,11500,공항동,1398,더트루엘마곡HQ,48.3293,11,2024,2026,5,30,64400,,,,,,,,직거래,
아파트_매매,202605,11500,화곡동,1165,강서힐스테이트,128.81,19,2015,2026,5,26,165000,,,,,,,,중개거래,
아파트_매매,202605,11500,마곡동,1478,마곡삼성아파트,59.95,4,1998,2026,5,10,71000,,,,,,,,중개거래,
아파트_매매,202605,11500,염창동,262-2,대림,59.94,7,1999,2026,5,29,91000,,,,,,,,중개거래,
아파트_매매,202605,11500,화곡동,1165,강서힐스테이트,84.99,15,2015,2026,5,18,157500,,,,,,,,중개거래,
아파트_매매,202605,11500,마곡동,1171,마곡현대아파트,59.92,8,1999,2026,5,15,70100,,,,,,,,중개거래,
아파트_매매,202605,11500,내발산동,753,마곡수명산파크4단지,59.84,8,2008,2026,5,28,111400,,,,,,,,중개거래,
아파트_매매,202605,11500,화곡동,1091,화곡푸르지오,103.92,15,2002,2026,5,27,112500,,,,,,,,중개거래,
아파트_매매,202605,11500,등촌동,562-5,임광,84.91,11,2000,2026,5,4,88000,,,,,,,,직거래,
아파트_매매,202605,11500,등촌동,715,등촌동아이파크,119.9031,8,2004,2026,5,28,138500,,,,,,,,중개거래,
아파트_매매,202605,11500,등촌동,707,"등촌7,8단지주공아파트",41.85,3,1994,2026,5,29,72000,,,,,,,,중개거래,
아파트_매매,202605,11500,등촌동,715,등촌동아이파크,134.8836,10,2004,2026,5,15,139000,,,,,,,,중개거래,
아파트_매매,202605,11500,마곡동,1525,마곡푸르지오,84.99,11,2008,2026,5,23,128000,,,,,,,,중개거래,
아파트_매매,202605,11500,등촌동,638,서광등촌마을아파트,59.67,2,1999,2026,5,30,99400,,,,,,,,중개거래,
아파트_매매,202605,11500,방화동,814,방화5,39.6,11,1994,2026,5,4,37200,,,,,,,,직거래,
아파트_매매,202605,11500,염창동,282,삼정그린코아,84.358,10,2001,2026,5,28,105000,,,,,,,,직거래,
아파트_매매,202605,11500,방화동,852,마곡중앙하이츠아파트,51.03,5,1994,2026,5,31,59000,,,,,,,,중개거래,
아파트_매매,202605,11500,방화동,868,신안네트빌1단지,84.0164,2,2002,2026,5,29,72500,,,,,,,,중개거래,
아파트_매매,202605,11500,염창동,290,벽산늘푸른,59.97,1,1998,2026,5,28,65000,,,,,,,,중개거래,
아파트_매매,202605,11500,염창동,293,한강동아,59.97,13,1998,2026,5,16,108000,,,,,,,,중개거래,
아파트_매매,202605,11500,염창동,240-32,금호타운,84.84,19,1999,2026,5,30,110000,,,,,,,,중개거래,
아파트_매매,202605,11500,등촌동,702,주공10,58.14,13,1995,2026,5,30,105700,,,,,,,,중개거래,
아파트_매매,202605,11500,방화동,619-7,AirPalace(619-7),14.1,4,2013,2026,5,25,8500,,,,,,,,중개거래,
아파트_매매,202605,11500,염창동,270-1,태영,59.97,11,1999,2026,5,30,94000,,,,,,,,중개거래,
아파트_매매,202605,11500,화곡동,1165,강서힐스테이트,59.99,8,2015,2026,5,30,140000,,,,,,,,중개거래,
아파트_매매,202605,11500,등촌동,715,등촌동아이파크,165.8299,1,2004,2026,5,30,136000,,,,,,,,중개거래,
아파트_매매,202605,11500,방화동,839,방화그린,49.77,4,1993,2026,5,29,60000,,,,,,,,중개거래,
아파트_매매,202605,11500,가양동,1497,가양1차보람더하임,83.07,12,2006,2026,5,30,100000,,,,,,,,중개거래,
아파트_매매,202605,11500,등촌동,707,"등촌7,8단지주공아파트",41.85,3,1994,2026,5,30,67700,,,,,,,,중개거래,
아파트_매매,202605,11500,내발산동,756,마곡수명산파크7단지,84.68,12,2008,2026,5,30,110500,,,,,,,,중개거래,
아파트_매매,202605,11500,내발산동,759,마곡수명산파크6단지,84.82,9,2007,2026,5,30,121700,,,,,,,,중개거래,
아파트_매매,202605,11500,마곡동,748,마곡13단지힐스테이트마스터,84.9881,3,2017,2026,5,30,172000,,,,,,,,중개거래,
아파트_매매,202605,11500,가양동,448-1,가양강나루현대,84.98,8,1999,2026,5,30,132500,,,,,,,,중개거래,
아파트_매매,202605,11500,방화동,839,방화그린,39.76,3,1993,2026,5,30,43000,,,,,,,,중개거래,
아파트_매매,202605,11500,가양동,1490,가양도시개발9-2단지,39.6,15,1993,2026,5,30,71500,,,,,,,,중개거래,
아파트_매매,202605,11500,가양동,1495,한보구암마을,59.58,1,1999,2026,5,29,78000,,,,,,,,중개거래,
아파트_매매,202605,11500,등촌동,687,"등촌1,2단지주공아파트",41.85,6,1994,2026,5,30,67000,,,,,,,,중개거래,
아파트_매매,202605,11500,마곡동,1478,마곡삼성아파트,84.92,13,1998,2026,5,30,94000,,,,,,,,중개거래,
아파트_매매,202605,11500,공항동,42-12,송정제이빌102동,79.55,3,2003,2026,5,30,48000,,,,,,,,중개거래,
아파트_매매,202605,11500,등촌동,715,등촌동아이파크,84.7556,9,2004,2026,5,30,125300,,,,,,,,중개거래,
아파트_매매,202605,11500,가양동,1459,동신대아,101.97,7,1993,2026,5,30,128000,,,,,,,,중개거래,
아파트_매매,202605,11500,등촌동,694,대림,89.975,7,1995,2026,5,30,137000,,,,,,,,중개거래,
아파트_매매,202605,11500,등촌동,702,주공10,37.67,13,1995,2026,5,29,77500,,,,,,,,중개거래,
아파트_매매,202605,11500,방화동,852,마곡중앙하이츠아파트,51.03,14,1994,2026,5,29,62800,,,,,,,,중개거래,
아파트_매매,202605,11500,염창동,248-3,삼성하나로,84.78,12,1994,2026,5,29,93000,,,,,,,,중개거래,
아파트_매매,202605,11500,방화동,831,방화4단지,100.35,2,1994,2026,5,29,93000,,,,,,,,중개거래,
아파트_매매,202605,11500,화곡동,1091,화곡푸르지오,84.914,14,2002,2026,5,23,120800,,,,,,,,중개거래,
아파트_매매,202605,11500,화곡동,1091,화곡푸르지오,125.021,9,2002,2026,5,25,129800,,,,,,,,중개거래,
아파트_매매,202605,11500,방화동,874,대림e-편한세상,84.67,9,2003,2026,5,29,81500,,,,,,,,중개거래,
아파트_매매,202605,11500,가양동,1460,한강타운,84.99,14,1993,2026,5,19,127500,,,,,,,,중개거래,
아파트_매매,202605,11500,등촌동,711,월드메르디앙,59.79,9,2002,2026,5,29,83500,,,,,,,,중개거래,
아파트_매매,202605,11500,방화동,819,개화,133.98,8,1994,2026,5,29,97500,,,,,,,,중개거래,
아파트_매매,202605,11500,내발산동,702-7,천우캐슬,94.38,7,2003,2026,5,29,37200,,,,,,,,중개거래,
아파트_매매,202605,11500,화곡동,1158,우장산에스케이뷰,116.92,4,2006,2026,5,29,98500,,,,,,,,중개거래,
아파트_매매,202605,11500,가양동,1461,가양2단지(성지),49.56,14,1992,2026,5,17,105000,,,,,,,,중개거래,
아파트_매매,202605,11500,방화동,814,방화5,49.77,1,1994,2026,5,29,65500,,,,,,,,중개거래,
아파트_매매,202605,11500,화곡동,1165,강서힐스테이트,128.81,16,2015,2026,5,25,170000,,,,,,,,중개거래,
아파트_매매,202605,11500,등촌동,634-13,심미에셈빌,82.69,9,2003,2026,5,28,64000,,,,,,,,중개거래,
아파트_매매,202605,11500,염창동,272-28,염창3우성,84.96,11,1993,2026,5,29,100500,,,,,,,,중개거래,
아파트_매매,202605,11500,염창동,299,강변힐스테이트,84.99,12,2005,2026,5,29,145500,,,,,,,,중개거래,
아파트_매매,202605,11500,가양동,1490,가양도시개발9-2단지,49.5,1,1993,2026,5,29,82500,,,,,,,,중개거래,
아파트_매매,202605,11500,화곡동,1139,초록,84.28,5,1998,2026,5,29,97500,,,,,,,,중개거래,
아파트_매매,202605,11500,마곡동,1577,마곡나루경남아파트,84.29,9,1991,2026,5,28,94000,,,,,,,,중개거래,
아파트_매매,202605,11500,염창동,70-20,삼천리,84.99,1,1992,2026,5,29,117000,,,,,,,,중개거래,
아파트_매매,202605,11500,마곡동,744,마곡엠밸리9단지,59.86,6,2021,2026,5,29,145000,,,,,,,,중개거래,O
아파트_매매,202605,11500,마곡동,741,마곡엠밸리8단지,59.79,11,2016,2026,5,27,148000,,,,,,,,중개거래,
아파트_매매,202605,11500,화곡동,1138,신도금잔디,113.04,5,1998,2026,5,29,60000,,,,,,,,중개거래,
아파트_매매,202605,11500,화곡동,786-9,탑건화곡동진선미,81.54,5,2006,2026,5,29,62500,,,,,,,,중개거래,
아파트_매매,202605,11500,가양동,1485,가양6단지,58.65,13,1992,2026,5,29,116000,,,,,,,,중개거래,O
아파트_매매,202605,11500,방화동,839,방화그린,33.18,7,1993,2026,5,29,38300,,,,,,,,중개거래,
아파트_매매,202605,11500,염창동,263-7,DH팰리스,57.38,9,2022,2026,5,20,69800,,,,,,,,중개거래,
아파트_매매,202605,11500,등촌동,715,등촌동아이파크,119.9031,8,2004,2026,5,28,138500,,,,,,,,중개거래,O
아파트_매매,202605,11500,방화동,585-4,삼미,58.29,5,1982,2026,5,22,65000,,,,,,,,중개거래,
아파트_매매,202605,11500,방화동,839,방화그린,33.6,13,1993,2026,5,28,37500,,,,,,,,중개거래,
아파트_매매,202605,11500,마곡동,748,마곡13단지힐스테이트마스터,84.9805,5,2017,2026,5,28,171000,,,,,,,,중개거래,
아파트_매매,202605,11500,염창동,290,벽산늘푸른,84.94,2,1998,2026,5,28,91000,,,,,,,,중개거래,
아파트_매매,202605,11500,방화동,831,방화4단지,134.65,15,1994,2026,5,28,91000,,,,,,,,중개거래,
아파트_매매,202605,11500,화곡동,917-5,남광아파트,45.47,9,2015,2026,5,28,31700,,,,,,,,중개거래,
아파트_매매,202605,11500,마곡동,1467,마곡우림필유아파트,84.528,8,2003,2026,5,28,109500,,,,,,,,중개거래,
아파트_매매,202605,11500,마곡동,751,마곡엠벨리(15단지),59.79,6,2014,2026,5,8,108310,,,,,,,,직거래,
아파트_매매,202605,11500,등촌동,691-3,부영,80.64,4,1994,2026,5,28,107000,,,,,,,,중개거래,
아파트_매매,202605,11500,가양동,1500,강서한강자이,59.9382,14,2013,2026,5,9,140000,,,,,,,,중개거래,
아파트_매매,202605,11500,가양동,1485,가양6단지,58.65,8,1992,2026,5,28,117500,,,,,,,,중개거래,
아파트_매매,202605,11500,가양동,1461,가양2단지(성지),34.44,14,1992,2026,5,28,65500,,,,,,,,중개거래,
아파트_매매,202605,11500,공항동,1398,더트루엘마곡HQ,48.3293,11,2024,2026,5,22,64400,,,,,,,,직거래,
아파트_매매,202605,11500,가양동,1475,강변,34.44,5,1992,2026,5,28,74000,,,,,,,,중개거래,
아파트_매매,202605,11500,화곡동,1165,강서힐스테이트,84.99,14,2015,2026,5,28,153000,,,,,,,,중개거래,
아파트_매매,202605,11500,공항동,1398,더트루엘마곡HQ,48.3293,8,2024,2026,5,26,64200,,,,,,,,직거래,
아파트_매매,202605,11500,화곡동,1091,화곡푸르지오,144.123,10,2002,2026,5,28,121000,,,,,,,,중개거래,
아파트_매매,202605,11500,가양동,1461,가양2단지(성지),39.6,5,1992,2026,5,6,74500,,,,,,,,중개거래,
아파트_매매,202605,11500,화곡동,1173,우장산숲아이파크,74.9982,8,2022,2026,5,28,140000,,,,,,,,중개거래,
아파트_매매,202605,11500,등촌동,687,"등촌1,2단지주공아파트",41.85,15,1994,2026,5,28,73000,,,,,,,,중개거래,
아파트_매매,202605,11500,가양동,1490,가양도시개발9-2단지,34.44,8,1993,2026,5,28,67300,,,,,,,,중개거래,
아파트_매매,202605,11500,등촌동,688,주공3,58.14,10,1995,2026,5,21,106000,,,,,,,,중개거래,
아파트_매매,202605,11500,마곡동,429,벽산,84.97,9,1999,2026,5,28,93000,,,,,,,,중개거래,
아파트_매매,202605,11500,화곡동,1009-8,타워빌,81.71,8,2001,2026,5,27,77000,,,,,,,,중개거래,
아파트_매매,202605,11500,화곡동,1150,화곡3차보람,81.63,4,2004,2026,5,27,59000,,,,,,,,중개거래,
아파트_매매,202605,11500,내발산동,753,마곡수명산파크4단지,59.84,5,2008,2026,5,19,113500,,,,,,,,중개거래,
아파트_매매,202605,11500,공항동,1398,더트루엘마곡HQ,36.6756,14,2024,2026,5,27,52400,,,,,,,,직거래,
아파트_매매,202605,11500,등촌동,701,"진로,미주아파트",84.96,10,1994,2026,5,23,111000,,,,,,,,중개거래,
아파트_매매,202605,11500,방화동,579,마곡 한진해모로,84.93,7,2004,2026,5,27,95000,,,,,,,,중개거래,
아파트_매매,202605,11500,방화동,852,마곡중앙하이츠아파트,51.03,10,1994,2026,5,27,57500,,,,,,,,중개거래,
아파트_매매,202605,11500,화곡동,1158,우장산에스케이뷰,84.97,7,2006,2026,5,4,95000,,,,,,,,중개거래,
아파트_매매,202605,11500,염창동,272-28,염창3우성,84.96,6,1993,2026,5,8,60000,,,,,,,,직거래,
아파트_매매,202605,11500,방화동,852,마곡중앙하이츠아파트,51.03,1,1994,2026,5,27,58300,,,,,,,,중개거래,
아파트_매매,202605,11500,방화동,814,방화5,49.77,7,1994,2026,5,6,69700,,,,,,,,중개거래,
아파트_매매,202605,11500,화곡동,1151,우장산한화꿈에그린,120.11,4,2004,2026,5,26,80500,,,,,,,,직거래,
아파트_매매,202605,11500,등촌동,561-1,대림e편한세상,75.64,7,2002,2026,5,27,96000,,,,,,,,중개거래,
아파트_매매,202605,11500,화곡동,1159,"우장산아이파크,이편한세상",114.98,4,2008,2026,5,27,158000,,,,,,,,중개거래,
아파트_매매,202605,11500,마곡동,1181,마곡청구아파트,59.91,9,1998,2026,5,27,74000,,,,,,,,중개거래,
아파트_매매,202605,11500,방화동,450-1,다우하임더프라임아파트,76.07,5,2023,2026,5,27,71550,,,,,,,,중개거래,
아파트_매매,202605,11500,화곡동,1159,"우장산아이파크,이편한세상",59.98,3,2008,2026,5,27,132000,,,,,,,,중개거래,
아파트_매매,202605,11500,마곡동,743,마곡엠밸리6단지,114.98,3,2014,2026,5,27,190000,,,,,,,,중개거래,
아파트_매매,202605,11500,방화동,814,방화5,39.6,13,1994,2026,5,27,45800,,,,,,,,중개거래,
아파트_매매,202605,11500,내발산동,688-4,수명산태송팰리채,83.709,8,2008,2026,5,4,67000,,,,,,,,중개거래,
아파트_매매,202605,11500,내발산동,749,마곡수명산파크5단지,59.87,8,2008,2026,5,27,80000,,,,,,,,중개거래,
아파트_매매,202605,11500,화곡동,1161,강서동도센트리움,14.677,6,2012,2026,5,12,10500,,,,,,,,중개거래,
아파트_매매,202605,11500,염창동,297,월드메르디앙,84.98,13,2004,2026,5,23,110500,,,,,,,,중개거래,
아파트_매매,202605,11500,화곡동,1139,초록,84.15,2,1998,2026,5,27,88500,,,,,,,,중개거래,
아파트_매매,202605,11500,방화동,852,마곡중앙하이츠아파트,59.34,9,1994,2026,5,25,67800,,,,,,,,중개거래,
아파트_매매,202605,11500,내발산동,730,길성그랑프리텔,84.99,3,2003,2026,5,9,85000,,,,,,,,중개거래,
아파트_매매,202605,11500,화곡동,1091,화곡푸르지오,125.021,1,2002,2026,5,23,107000,,,,,,,,중개거래,
아파트_매매,202605,11500,가양동,1475,강변,34.44,11,1992,2026,5,26,63500,,,,,,,,중개거래,
아파트_매매,202605,11500,등촌동,632-4,삼성한사랑1,59.69,15,1997,2026,5,26,91000,,,,,,,,중개거래,
아파트_매매,202605,11500,등촌동,691-3,부영,80.64,5,1994,2026,5,26,109500,,,,,,,,중개거래,
아파트_매매,202605,11500,화곡동,1165,강서힐스테이트,128.81,3,2015,2026,5,26,168000,,,,,,,,중개거래,
아파트_매매,202605,11500,화곡동,1091,화곡푸르지오,144.123,12,2002,2026,5,26,135500,,,,,,,,중개거래,
아파트_매매,202605,11500,방화동,793,현대,59.89,4,1993,2026,5,26,72000,,,,,,,,중개거래,
아파트_매매,202605,11500,마곡동,1565,길훈,51.28,7,1989,2026,5,26,64800,,,,,,,,중개거래,
아파트_매매,202605,11500,화곡동,1139,초록,84.28,2,1998,2026,5,20,85000,,,,,,,,중개거래,
아파트_매매,202605,11500,방화동,860,마곡서광(치현마을),59.67,2,1998,2026,5,26,47500,,,,,,,,중개거래,
아파트_매매,202605,11500,마곡동,1535,마곡일성트루엘아파트,59.978,3,2013,2026,5,26,83000,,,,,,,,중개거래,
아파트_매매,202605,11500,가양동,1460,한강타운,84.99,13,1993,2026,5,26,139000,,,,,,,,중개거래,
아파트_매매,202605,11500,방화동,839,방화그린,33.6,4,1993,2026,5,6,30000,,,,,,,,중개거래,
아파트_매매,202605,11500,화곡동,918-14,도양라비앙아파트,79.21,10,2016,2026,5,21,57800,,,,,,,,중개거래,
아파트_매매,202605,11500,등촌동,694,대림,89.975,4,1995,2026,5,26,120000,,,,,,,,중개거래,
아파트_매매,202605,11500,염창동,291,현대3,59.92,13,1996,2026,5,15,90000,,,,,,,,중개거래,
아파트_매매,202605,11500,공항동,42-23,송정제이빌101동,84.99,3,2003,2026,5,15,43000,,,,,,,,직거래,
아파트_매매,202605,11500,방화동,879,"월드메르디앙201동,202동",84.82,9,2004,2026,5,15,79500,,,,,,,,중개거래,
아파트_매매,202605,11500,화곡동,1149,화곡보람,59.24,13,2004,2026,5,23,78000,,,,,,,,중개거래,
아파트_매매,202605,11500,화곡동,1122-4,광산(1122-4),83.39,5,1993,2026,5,20,30000,,,,,,,,중개거래,
아파트_매매,202605,11500,내발산동,704-2,우장산타워빌,84.6,6,2002,2026,5,18,66800,,,,,,,,중개거래,
아파트_매매,202605,11500,방화동,319-9,태청,96.14,5,2002,2026,5,7,41500,,,,,,,,중개거래,
아파트_매매,202605,11500,가양동,448-1,가양강나루현대,59.76,11,1999,2026,5,26,121000,,,,,,,,중개거래,
아파트_매매,202605,11500,마곡동,1478,마곡삼성아파트,59.95,2,1998,2026,5,9,67500,,,,,,,,중개거래,
아파트_매매,202605,11500,마곡동,743-4,마곡엠밸리7단지,114.86,16,2014,2026,5,6,218000,,,,,,,,중개거래,
아파트_매매,202605,11500,등촌동,715,등촌동아이파크,134.9883,10,2004,2026,5,23,138800,,,,,,,,중개거래,
아파트_매매,202605,11500,마곡동,717,마곡금호어울림,84.948,11,2005,2026,5,26,100000,,,,,,,,중개거래,
아파트_매매,202605,11500,염창동,272-28,염창3우성,84.96,5,1993,2026,5,26,100000,,,,,,,,중개거래,
아파트_매매,202605,11500,화곡동,1074-18,서부인터빌아파트,84.1439,4,2002,2026,5,26,57000,,,,,,,,중개거래,
아파트_매매,202605,11500,마곡동,738,마곡엠밸리4단지,84.85,3,2014,2026,5,26,158000,,,,,,,,중개거래,
아파트_매매,202605,11500,등촌동,715,등촌동아이파크,165.8299,8,2004,2026,5,22,141500,,,,,,,,중개거래,
아파트_매매,202605,11500,염창동,288,현대1,84.34,13,1994,2026,5,24,114500,,,,,,,,중개거래,
아파트_매매,202605,11500,화곡동,1148,우장산롯데,84.98,5,2004,2026,5,21,91000,,,,,,,,중개거래,
아파트_매매,202605,11500,가양동,1490,가양도시개발9-2단지,34.44,3,1993,2026,5,25,65000,,,,,,,,중개거래,
아파트_매매,202605,11500,등촌동,687,"등촌1,2단지주공아파트",41.85,11,1994,2026,5,25,67000,,,,,,,,중개거래,
아파트_매매,202605,11500,마곡동,748,마곡13단지힐스테이트마스터,84.9805,11,2017,2026,5,22,171500,,,,,,,,중개거래,
아파트_매매,202605,11500,등촌동,722,등촌파밀리에더클래식101동,79.54,5,2020,2026,5,16,94500,,,,,,,,중개거래,
아파트_매매,202605,11500,염창동,287-1,우성2,65.88,9,1992,2026,5,6,76200,,,,,,,,직거래,
아파트_매매,202605,11500,방화동,819,개화,101.86,2,1994,2026,5,25,84000,,,,,,,,중개거래,
아파트_매매,202605,11500,등촌동,691-3,부영,80.64,4,1994,2026,5,25,108000,,,,,,,,중개거래,
아파트_매매,202605,11500,염창동,268,관음삼성,59.96,3,1997,2026,5,25,99900,,,,,,,,중개거래,
아파트_매매,202605,11500,마곡동,1478,마곡삼성아파트,59.95,2,1998,2026,5,22,69000,,,,,,,,중개거래,
아파트_매매,202605,11500,등촌동,656-17,지엠벨리,25.61,15,2019,2026,5,25,39500,,,,,,,,중개거래,
아파트_매매,202605,11500,등촌동,691-3,부영,80.64,3,1994,2026,5,23,105000,,,,,,,,중개거래,
아파트_매매,202605,11500,가양동,1490,가양도시개발9-2단지,39.6,14,1993,2026,5,25,81000,,,,,,,,중개거래,
아파트_매매,202605,11500,등촌동,707,"등촌7,8단지주공아파트",41.85,1,1994,2026,5,25,63800,,,,,,,,중개거래,
아파트_매매,202605,11500,방화동,880,치현마을동일스위트리버,59.9813,3,2004,2026,5,25,61000,,,,,,,,중개거래,
아파트_매매,202605,11500,등촌동,638,서광등촌마을아파트,59.67,13,1999,2026,5,25,108000,,,,,,,,중개거래,
아파트_매매,202605,11500,등촌동,687,"등촌1,2단지주공아파트",41.85,12,1994,2026,5,25,75000,,,,,,,,중개거래,
아파트_매매,202605,11500,가양동,1485,가양6단지,49.5,13,1992,2026,5,25,107000,,,,,,,,중개거래,
아파트_매매,202605,11500,등촌동,707,"등촌7,8단지주공아파트",41.85,1,1994,2026,5,25,62000,,,,,,,,중개거래,
아파트_매매,202605,11500,등촌동,687,"등촌1,2단지주공아파트",41.85,1,1994,2026,5,25,60000,,,,,,,,중개거래,
아파트_매매,202605,11500,내발산동,657,우장산힐스테이트,101.87,6,2005,2026,5,25,170000,,,,,,,,중개거래,
아파트_매매,202605,11500,방화동,877,청성(877-0),67.876,10,2004,2026,5,25,64000,,,,,,,,중개거래,
아파트_매매,202605,11500,가양동,1461,가양2단지(성지),34.69,2,1992,2026,5,24,68000,,,,,,,,중개거래,
아파트_매매,202605,11500,마곡동,1181,마곡청구아파트,84.92,14,1998,2026,5,24,61000,,,,,,,,중개거래,
아파트_매매,202605,11500,가양동,448-1,가양강나루현대,59.76,6,1999,2026,5,24,108500,,,,,,,,중개거래,
아파트_매매,202605,11500,염창동,258-1,동아3,84.87,18,1999,2026,5,21,136000,,,,,,,,중개거래,
아파트_매매,202605,11500,등촌동,695,주공5,37.67,9,1995,2026,5,24,73000,,,,,,,,중개거래,
아파트_매매,202605,11500,화곡동,1091,화곡푸르지오,84.914,3,2002,2026,5,23,114000,,,,,,,,중개거래,
아파트_매매,202605,11500,방화동,819,개화,101.86,2,1994,2026,5,21,86300,,,,,,,,중개거래,
아파트_매매,202605,11500,내발산동,756,마곡수명산파크7단지,84.68,2,2008,2026,5,23,102500,,,,,,,,중개거래,
아파트_매매,202605,11500,등촌동,715,등촌동아이파크,134.8836,4,2004,2026,5,23,126500,,,,,,,,중개거래,
아파트_매매,202605,11500,방화동,819,개화,101.86,3,1994,2026,5,23,83700,,,,,,,,중개거래,
아파트_매매,202605,11500,방화동,832,청솔,39.36,10,1994,2026,5,23,50000,,,,,,,,중개거래,
아파트_매매,202605,11500,등촌동,722,등촌파밀리에더클래식101동,62.8,2,2020,2026,5,23,77500,,,,,,,,중개거래,
아파트_매매,202605,11500,가양동,1475,강변,39.6,7,1992,2026,5,23,80000,,,,,,,,중개거래,
아파트_매매,202605,11500,화곡동,1091,화곡푸르지오,84.914,12,2002,2026,5,23,117000,,,,,,,,중개거래,
아파트_매매,202605,11500,가양동,1461,가양2단지(성지),39.6,4,1992,2026,5,23,82000,,,,,,,,중개거래,
아파트_매매,202605,11500,마곡동,717,마곡금호어울림,84.948,13,2005,2026,5,23,101000,,,,,,,,중개거래,
아파트_매매,202605,11500,화곡동,351-89,중앙화곡하이츠,66.24,10,1988,2026,5,23,48000,,,,,,,,중개거래,O
아파트_매매,202605,11500,염창동,280,극동상록수,59.91,17,1999,2026,5,23,96500,,,,,,,,중개거래,
아파트_매매,202605,11500,마곡동,743,마곡엠밸리6단지,84.99,2,2014,2026,5,23,176500,,,,,,,,중개거래,
아파트_매매,202605,11500,등촌동,688,주공3,58.14,12,1995,2026,5,23,109000,,,,,,,,중개거래,
아파트_매매,202605,11500,방화동,546-1,방화3차우림필유,84.57,11,2005,2026,5,23,80000,,,,,,,,중개거래,
아파트_매매,202605,11500,가양동,1485,가양6단지,58.65,5,1992,2026,5,23,120000,,,,,,,,중개거래,
아파트_매매,202605,11500,내발산동,749,마곡수명산파크5단지,59.84,10,2008,2026,5,23,114000,,,,,,,,중개거래,
아파트_매매,202605,11500,내발산동,749,마곡수명산파크5단지,59.76,8,2008,2026,5,23,114500,,,,,,,,중개거래,
아파트_매매,202605,11500,화곡동,361-1,대림e편한세상,84.84,11,1992,2026,5,23,71500,,,,,,,,중개거래,
아파트_매매,202605,11500,가양동,1461,가양2단지(성지),49.56,15,1992,2026,5,23,103000,,,,,,,,중개거래,
아파트_매매,202605,11500,등촌동,691-1,동성,134.94,17,1995,2026,5,23,124800,,,,,,,,중개거래,
아파트_매매,202605,11500,방화동,875,방화동동부센트레빌(875번지),84.97,1,2003,2026,5,22,81000,,,,,,,,중개거래,
아파트_매매,202605,11500,등촌동,640,보람(640),58.93,12,2002,2026,5,22,77000,,,,,,,,중개거래,
아파트_매매,202605,11500,등촌동,691-3,부영,80.64,1,1994,2026,5,22,100000,,,,,,,,중개거래,
아파트_매매,202605,11500,내발산동,704-2,우장산타워빌,84.6,8,2002,2026,5,12,73800,,,,,,,,중개거래,
아파트_매매,202605,11500,화곡동,351-89,중앙화곡하이츠,74.16,5,1988,2026,5,22,53000,,,,,,,,중개거래,
아파트_매매,202605,11500,방화동,839,방화그린,49.77,8,1993,2026,5,21,60000,,,,,,,,중개거래,
아파트_매매,202605,11500,화곡동,1158,우장산에스케이뷰,84.97,11,2006,2026,5,22,105000,,,,,,,,중개거래,
아파트_매매,202605,11500,화곡동,1165,강서힐스테이트,59.99,11,2015,2026,5,23,142500,,,,,,,,중개거래,
아파트_매매,202605,11500,내발산동,730,길성그랑프리텔,84.99,2,2003,2026,5,23,79000,,,,,,,,중개거래,
아파트_매매,202605,11500,내발산동,733,내발산우신웨스트빌,84.38,3,2005,2026,5,23,64500,,,,,,,,중개거래,
아파트_매매,202605,11500,방화동,894,강서센트레빌3차(894-0),84.4,7,2009,2026,5,22,103000,,,,,,,,중개거래,
아파트_매매,202605,11500,등촌동,687,"등촌1,2단지주공아파트",41.85,2,1994,2026,5,22,72000,,,,,,,,중개거래,
아파트_매매,202605,11500,방화동,814,방화5,33.18,1,1994,2026,5,15,40000,,,,,,,,중개거래,
아파트_매매,202605,11500,등촌동,695,주공5,37.67,10,1995,2026,5,22,75000,,,,,,,,중개거래,
아파트_매매,202605,11500,방화동,839,방화그린,49.77,14,1993,2026,5,21,37000,,,,,,,,직거래,
아파트_매매,202605,11500,마곡동,1171,마곡현대아파트,84.95,14,1999,2026,5,22,84500,,,,,,,,중개거래,
아파트_매매,202605,11500,방화동,832,청솔,49.2,7,1994,2026,5,22,58000,,,,,,,,중개거래,
아파트_매매,202605,11500,염창동,288,현대1,84.34,11,1994,2026,5,22,120000,,,,,,,,중개거래,
아파트_매매,202605,11500,가양동,1475,강변,39.6,7,1992,2026,5,12,78000,,,,,,,,중개거래,
아파트_매매,202605,11500,내발산동,657,우장산힐스테이트,84.98,3,2005,2026,5,21,101600,,,,,,,,중개거래,
아파트_매매,202605,11500,방화동,841,장미,59.04,9,1994,2026,5,22,64000,,,,,,,,중개거래,
아파트_매매,202605,11500,등촌동,670-2,등촌동성원,157.81,8,1997,2026,5,12,82000,,,,,,,,중개거래,
아파트_매매,202605,11500,화곡동,938-26,한경빌(938-26),15.55,7,2014,2026,5,21,9000,,,,,,,,중개거래,
아파트_매매,202605,11500,화곡동,1165,강서힐스테이트,128.81,11,2015,2026,5,21,166500,,,,,,,,중개거래,
아파트_매매,202605,11500,가양동,1475,강변,49.5,3,1992,2026,5,21,105000,,,,,,,,중개거래,
아파트_매매,202605,11500,방화동,874,대림e-편한세상,84.67,14,2003,2026,5,21,82000,,,,,,,,중개거래,
아파트_매매,202605,11500,마곡동,748,마곡13단지힐스테이트마스터,84.9881,13,2017,2026,5,21,175200,,,,,,,,중개거래,
아파트_매매,202605,11500,내발산동,729,롯데2,84.708,7,2003,2026,5,21,93000,,,,,,,,중개거래,
아파트_매매,202605,11500,방화동,597-38,통일101동(597-38),80.64,2,2004,2026,5,21,50000,,,,,,,,중개거래,
아파트_매매,202605,11500,방화동,860,마곡서광(치현마을),59.67,12,1998,2026,5,15,60000,,,,,,,,중개거래,
아파트_매매,202605,11500,등촌동,687,"등촌1,2단지주공아파트",49.94,1,1994,2026,5,21,86000,,,,,,,,중개거래,
아파트_매매,202605,11500,등촌동,635-6,나성,59.826,7,2003,2026,5,21,65500,,,,,,,,중개거래,
아파트_매매,202605,11500,가양동,1475,강변,34.44,10,1992,2026,5,21,75700,,,,,,,,중개거래,
아파트_매매,202605,11500,가양동,1485,가양6단지,58.65,3,1992,2026,5,21,112000,,,,,,,,중개거래,
아파트_매매,202605,11500,가양동,448-1,가양강나루현대,84.98,5,1999,2026,5,19,131000,,,,,,,,중개거래,
아파트_매매,202605,11500,가양동,1485,가양6단지,49.5,7,1992,2026,5,20,114000,,,,,,,,중개거래,
아파트_매매,202605,11500,내발산동,742,마곡수명산파크1단지,84.53,8,2007,2026,5,6,80000,,,,,,,,직거래,
아파트_매매,202605,11500,화곡동,1014-20,청솔,84.3102,6,2003,2026,5,21,51000,,,,,,,,중개거래,
아파트_매매,202605,11500,가양동,1485,가양6단지,58.65,2,1992,2026,5,21,111800,,,,,,,,중개거래,
아파트_매매,202605,11500,가양동,1475,강변,34.44,6,1992,2026,5,20,72300,,,,,,,,중개거래,
아파트_매매,202605,11500,화곡동,1095,그랜드아이파크,181.17,8,2010,2026,5,18,105000,,,,,,,,중개거래,
아파트_매매,202605,11500,가양동,1475,강변,34.44,8,1992,2026,5,20,71000,,,,,,,,중개거래,
아파트_매매,202605,11500,방화동,832,청솔,49.2,10,1994,2026,5,20,60000,,,,,,,,중개거래,
아파트_매매,202605,11500,가양동,1474,대림경동아파트,131.4,9,1993,2026,5,20,153000,,,,,,,,중개거래,
아파트_매매,202605,11500,내발산동,753,마곡수명산파크4단지,84.96,13,2008,2026,5,20,128000,,,,,,,,중개거래,
아파트_매매,202605,11500,가양동,1461,가양2단지(성지),49.65,7,1992,2026,5,19,103000,,,,,,,,중개거래,
아파트_매매,202605,11500,가양동,1475,강변,39.6,6,1992,2026,5,20,80000,,,,,,,,중개거래,
아파트_매매,202605,11500,공항동,1374,공항동부센트레빌,84.99,12,2009,2026,5,5,84500,,,,,,,,중개거래,
아파트_매매,202605,11500,등촌동,687,"등촌1,2단지주공아파트",41.85,10,1994,2026,5,2,66500,,,,,,,,중개거래,
아파트_매매,202605,11500,화곡동,465-13,태성비리치,73.515,2,2002,2026,5,16,30500,,,,,,,,중개거래,
아파트_매매,202605,11500,화곡동,1159,"우장산아이파크,이편한세상",84.97,16,2008,2026,5,19,160000,,,,,,,,중개거래,
아파트_매매,202605,11500,화곡동,1159,"우장산아이파크,이편한세상",84.97,1,2008,2026,5,18,105300,,,,,,,,중개거래,
아파트_매매,202605,11500,화곡동,1011-6,희훈리치파크,84.64,8,2002,2026,5,20,82500,,,,,,,,중개거래,
아파트_매매,202605,11500,방화동,867,길성그랑프리텔,57.97,4,2002,2026,5,12,64800,,,,,,,,중개거래,
아파트_매매,202605,11500,등촌동,691-3,부영,80.64,4,1994,2026,5,19,108000,,,,,,,,중개거래,
아파트_매매,202605,11500,등촌동,688,주공3,58.14,4,1995,2026,5,19,114000,,,,,,,,중개거래,
아파트_매매,202605,11500,마곡동,1577,마곡나루경남아파트,84.29,2,1991,2026,5,19,85300,,,,,,,,중개거래,
아파트_매매,202605,11500,등촌동,642,제일(코오롱),59.95,6,1999,2026,5,19,83000,,,,,,,,중개거래,
아파트_매매,202605,11500,등촌동,691-1,동성,101.88,6,1995,2026,5,19,126000,,,,,,,,중개거래,
아파트_매매,202605,11500,마곡동,1577,마곡나루경남아파트,84.29,8,1991,2026,5,19,93000,,,,,,,,중개거래,O
아파트_매매,202605,11500,방화동,839,방화그린,39.76,3,1993,2026,5,19,44300,,,,,,,,중개거래,
아파트_매매,202605,11500,등촌동,687,"등촌1,2단지주공아파트",41.85,4,1994,2026,5,16,69000,,,,,,,,중개거래,
아파트_매매,202605,11500,방화동,839,방화그린,33.18,13,1993,2026,5,19,39500,,,,,,,,중개거래,
아파트_매매,202605,11500,마곡동,1478,마곡삼성아파트,59.95,4,1998,2026,5,10,71000,,,,,,,,중개거래,O
아파트_매매,202605,11500,염창동,303,강변코아루,114.78,5,2007,2026,5,19,124000,,,,,,,,중개거래,
아파트_매매,202605,11500,방화동,875,방화동동부센트레빌(875번지),114.99,8,2003,2026,5,18,106000,,,,,,,,중개거래,
아파트_매매,202605,11500,방화동,868,신안네트빌1단지,84.0164,3,2002,2026,5,18,72000,,,,,,,,중개거래,
아파트_매매,202605,11500,마곡동,1535,마곡일성트루엘아파트,59.978,2,2013,2026,5,19,80000,,,,,,,,중개거래,
아파트_매매,202605,11500,염창동,272-28,염창3우성,84.96,8,1993,2026,5,2,100000,,,,,,,,중개거래,
아파트_매매,202605,11500,가양동,1467,중앙하이츠,119.85,9,1999,2026,5,14,120000,,,,,,,,중개거래,
아파트_매매,202605,11500,화곡동,409-248,미성아파트(연립),81.89,11,1987,2026,5,1,62000,,,,,,,,중개거래,
아파트_매매,202605,11500,가양동,1496,일신건영휴먼빌,84.95,7,2004,2026,5,19,117500,,,,,,,,중개거래,
아파트_매매,202605,11500,화곡동,1165,강서힐스테이트,84.99,3,2015,2026,5,16,147000,,,,,,,,중개거래,
아파트_매매,202605,11500,화곡동,1165,강서힐스테이트,84.99,12,2015,2026,5,1,163000,,,,,,,,중개거래,
아파트_매매,202605,11500,화곡동,1159,"우장산아이파크,이편한세상",84.97,18,2008,2026,5,5,152500,,,,,,,,중개거래,
아파트_매매,202605,11500,방화동,875,방화동동부센트레빌(875번지),84.97,2,2003,2026,5,19,87500,,,,,,,,중개거래,
아파트_매매,202605,11500,가양동,1475,강변,39.6,1,1992,2026,5,19,72000,,,,,,,,중개거래,
아파트_매매,202605,11500,화곡동,1161,강서동도센트리움,14.677,2,2012,2026,5,13,8500,,,,,,,,중개거래,
아파트_매매,202605,11500,방화동,585-4,삼미,76,5,1982,2026,5,18,80000,,,,,,,,중개거래,
아파트_매매,202605,11500,마곡동,422,신안,84.97,3,1993,2026,5,18,105000,,,,,,,,중개거래,
아파트_매매,202605,11500,내발산동,657,우장산힐스테이트,84.98,9,2005,2026,5,18,160500,,,,,,,,중개거래,
아파트_매매,202605,11500,등촌동,691-3,부영,80.64,14,1994,2026,5,18,109000,,,,,,,,중개거래,
아파트_매매,202605,11500,공항동,1374,공항동부센트레빌,84.99,3,2009,2026,5,18,89000,,,,,,,,중개거래,
아파트_매매,202605,11500,가양동,448-1,가양강나루현대,84.98,9,1999,2026,5,18,126000,,,,,,,,중개거래,
아파트_매매,202605,11500,가양동,1485,가양6단지,49.5,7,1992,2026,5,18,109000,,,,,,,,중개거래,
아파트_매매,202605,11500,등촌동,561-1,대림e편한세상,75.64,16,2002,2026,5,11,95000,,,,,,,,중개거래,
아파트_매매,202605,11500,등촌동,635-6,나성,59.826,5,2003,2026,5,18,62000,,,,,,,,중개거래,
아파트_매매,202605,11500,등촌동,727,"등촌지와인아파트,비지니스센터",74.0328,14,2023,2026,5,18,108500,,,,,,,,중개거래,
아파트_매매,202605,11500,가양동,1500,강서한강자이,59.9382,14,2013,2026,5,16,140000,,,,,,,,중개거래,O
아파트_매매,202605,11500,가양동,1490,가양도시개발9-2단지,39.6,2,1993,2026,5,16,68500,,,,,,,,중개거래,
아파트_매매,202605,11500,염창동,264-27,삼성한아름,84.89,4,1993,2026,5,18,84500,,,,,,,,중개거래,O
아파트_매매,202605,11500,내발산동,732,태승훼미리3차,84.97,9,2004,2026,5,15,77000,,,,,,,,중개거래,
아파트_매매,202605,11500,내발산동,756,마곡수명산파크7단지,84.82,11,2008,2026,5,18,90000,,,,,,,,중개거래,
아파트_매매,202605,11500,염창동,292,동아,59.97,12,1998,2026,5,18,102000,,,,,,,,중개거래,
아파트_매매,202605,11500,염창동,293,한강동아,84.96,14,1998,2026,5,18,112000,,,,,,,,중개거래,
아파트_매매,202605,11500,등촌동,691-3,부영,80.64,3,1994,2026,5,12,104000,,,,,,,,중개거래,
아파트_매매,202605,11500,마곡동,1589,마곡힐스테이트,84.98,10,2017,2026,5,18,164000,,,,,,,,중개거래,
아파트_매매,202605,11500,마곡동,1252,마곡보타닉경남아너스빌,84.9941,3,2005,2026,5,18,84500,,,,,,,,중개거래,
아파트_매매,202605,11500,염창동,244-2,삼성한마음,59.94,13,1995,2026,5,17,94700,,,,,,,,중개거래,
아파트_매매,202605,11500,등촌동,691-3,부영,80.64,15,1994,2026,5,17,109000,,,,,,,,중개거래,
아파트_매매,202605,11500,등촌동,562-5,임광,71.01,9,2000,2026,5,16,82000,,,,,,,,중개거래,
아파트_매매,202605,11500,염창동,289,신동아,59.82,14,1995,2026,5,17,89900,,,,,,,,중개거래,
아파트_매매,202605,11500,화곡동,1145,우장산롯데캐슬,85,13,2003,2026,5,16,133000,,,,,,,,중개거래,
아파트_매매,202605,11500,마곡동,741,마곡엠밸리8단지,84.89,11,2016,2026,5,16,167500,,,,,,,,중개거래,
아파트_매매,202605,11500,가양동,1459,동신대아,101.97,10,1993,2026,5,16,136000,,,,,,,,중개거래,
아파트_매매,202605,11500,가양동,1461,가양2단지(성지),39.6,8,1992,2026,5,17,81500,,,,,,,,중개거래,
아파트_매매,202605,11500,가양동,448-1,가양강나루현대,59.76,16,1999,2026,5,16,114000,,,,,,,,중개거래,
아파트_매매,202605,11500,방화동,839,방화그린,33.6,12,1993,2026,5,16,39500,,,,,,,,중개거래,
아파트_매매,202605,11500,염창동,263,태진한솔,58.87,4,1994,2026,5,16,95000,,,,,,,,중개거래,
아파트_매매,202605,11500,등촌동,691-3,부영,80.64,7,1994,2026,5,16,106000,,,,,,,,중개거래,
아파트_매매,202605,11500,등촌동,687,"등촌1,2단지주공아파트",41.85,13,1994,2026,5,16,67000,,,,,,,,중개거래,
아파트_매매,202605,11500,화곡동,1159,"우장산아이파크,이편한세상",84.97,6,2008,2026,5,15,153000,,,,,,,,중개거래,
아파트_매매,202605,11500,방화동,839,방화그린,39.76,10,1993,2026,5,16,46800,,,,,,,,중개거래,
아파트_매매,202605,11500,등촌동,687,"등촌1,2단지주공아파트",41.66,1,1994,2026,5,16,63000,,,,,,,,중개거래,
아파트_매매,202605,11500,화곡동,1139,초록,49.77,3,1998,2026,5,16,73500,,,,,,,,중개거래,
아파트_매매,202605,11500,화곡동,1159,"우장산아이파크,이편한세상",84.97,16,2008,2026,5,16,163000,,,,,,,,중개거래,
아파트_매매,202605,11500,방화동,875,방화동동부센트레빌(875번지),114.99,11,2003,2026,5,16,112000,,,,,,,,중개거래,
아파트_매매,202605,11500,방화동,841,장미,59.04,11,1994,2026,5,16,69000,,,,,,,,중개거래,
아파트_매매,202605,11500,마곡동,750,마곡엠벨리(14단지),84.88,4,2014,2026,5,16,176000,,,,,,,,중개거래,
아파트_매매,202605,11500,방화동,906,마곡센트레빌,59.4269,15,2021,2026,5,15,94500,,,,,,,,중개거래,
아파트_매매,202605,11500,가양동,448-1,가양강나루현대,84.98,7,1999,2026,5,16,126000,,,,,,,,중개거래,
아파트_매매,202605,11500,가양동,1495,한보구암마을,59.22,1,1999,2026,5,15,70500,,,,,,,,중개거래,
아파트_매매,202605,11500,염창동,292,동아,114.84,4,1998,2026,5,15,128000,,,,,,,,중개거래,
아파트_매매,202605,11500,염창동,293,한강동아,59.97,2,1998,2026,5,15,95000,,,,,,,,중개거래,
아파트_매매,202605,11500,내발산동,657,우장산힐스테이트,84.98,9,2005,2026,5,15,159700,,,,,,,,중개거래,
아파트_매매,202605,11500,내발산동,657,우장산힐스테이트,84.98,2,2005,2026,5,15,149800,,,,,,,,중개거래,
아파트_매매,202605,11500,마곡동,1535,마곡일성트루엘아파트,84.958,6,2013,2026,5,15,97000,,,,,,,,중개거래,
아파트_매매,202605,11500,가양동,1490,가양도시개발9-2단지,39.6,3,1993,2026,5,15,72500,,,,,,,,중개거래,
아파트_매매,202605,11500,염창동,299,강변힐스테이트,84.99,11,2005,2026,5,16,141000,,,,,,,,중개거래,
아파트_매매,202605,11500,가양동,1490,가양도시개발9-2단지,39.6,1,1993,2026,5,15,68000,,,,,,,,중개거래,
아파트_매매,202605,11500,염창동,295,성원,59.91,5,2001,2026,5,15,98500,,,,,,,,중개거래,
아파트_매매,202605,11500,염창동,289,신동아,59.82,8,1995,2026,5,15,88000,,,,,,,,중개거래,
아파트_매매,202605,11500,화곡동,351-89,중앙화곡하이츠,56.88,5,1988,2026,5,15,47000,,,,,,,,중개거래,
아파트_매매,202605,11500,가양동,1475,강변,39.6,9,1992,2026,5,14,80000,,,,,,,,중개거래,
아파트_매매,202605,11500,방화동,861,홍익아파트,73.05,6,1999,2026,5,15,45000,,,,,,,,중개거래,
아파트_매매,202605,11500,마곡동,1252,마곡보타닉경남아너스빌,59.7672,4,2005,2026,5,13,71000,,,,,,,,중개거래,
아파트_매매,202605,11500,등촌동,723,등촌파밀리에더클래식201동,48.53,7,2020,2026,5,14,71000,,,,,,,,중개거래,
아파트_매매,202605,11500,내발산동,704-2,우장산타워빌,84.6,8,2002,2026,5,12,73800,,,,,,,,중개거래,O
아파트_매매,202605,11500,내발산동,753,마곡수명산파크4단지,84.53,9,2008,2026,5,15,127000,,,,,,,,중개거래,
아파트_매매,202605,11500,공항동,1371,해태,59.99,13,2000,2026,5,14,63700,,,,,,,,중개거래,
아파트_매매,202605,11500,가양동,1475,강변,39.6,3,1992,2026,5,14,80000,,,,,,,,중개거래,
아파트_매매,202605,11500,화곡동,1139,초록,59.34,8,1998,2026,5,14,85000,,,,,,,,중개거래,
아파트_매매,202605,11500,방화동,814,방화5,33.18,10,1994,2026,5,14,46500,,,,,,,,중개거래,
아파트_매매,202605,11500,화곡동,1165,강서힐스테이트,59.99,17,2015,2026,5,14,134750,,,,,,,,중개거래,
아파트_매매,202605,11500,방화동,839,방화그린,49.77,10,1993,2026,5,14,58700,,,,,,,,중개거래,
아파트_매매,202605,11500,마곡동,1589,마곡힐스테이트,84.98,15,2017,2026,5,5,167000,,,,,,,,중개거래,
아파트_매매,202605,11500,내발산동,657,우장산힐스테이트,101.87,14,2005,2026,5,13,169000,,,,,,,,중개거래,
아파트_매매,202605,11500,가양동,1461,가양2단지(성지),34.44,3,1992,2026,5,12,65000,,,,,,,,중개거래,
아파트_매매,202605,11500,방화동,868,신안네트빌1단지,84.0164,12,2002,2026,5,13,74900,,,,,,,,중개거래,
아파트_매매,202605,11500,화곡동,1091,화곡푸르지오,104.75,8,2002,2026,5,1,119000,,,,,,,,중개거래,
아파트_매매,202605,11500,내발산동,716,명진에버그린,84.92,5,2003,2026,5,14,59500,,,,,,,,중개거래,
아파트_매매,202605,11500,내발산동,676-23,청솔샤르망1001동,84.7449,5,2004,2026,5,9,70800,,,,,,,,중개거래,
아파트_매매,202605,11500,방화동,874,대림e-편한세상,96.14,4,2003,2026,5,9,86000,,,,,,,,중개거래,
아파트_매매,202605,11500,방화동,814,방화5,33.18,6,1994,2026,5,14,46500,,,,,,,,중개거래,
아파트_매매,202605,11500,화곡동,392-57,블루힐,56.61,1,2005,2026,5,13,33000,,,,,,,,중개거래,
아파트_매매,202605,11500,등촌동,632-4,삼성한사랑1,84.99,12,1997,2026,5,14,100000,,,,,,,,중개거래,
아파트_매매,202605,11500,염창동,287-1,우성2,84.7,10,1992,2026,5,13,122300,,,,,,,,중개거래,
아파트_매매,202605,11500,마곡동,1577,마곡나루경남아파트,84.29,10,1991,2026,5,13,89000,,,,,,,,중개거래,
아파트_매매,202605,11500,등촌동,711,월드메르디앙,84.97,10,2002,2026,5,13,91000,,,,,,,,중개거래,
아파트_매매,202605,11500,염창동,270-1,태영,114.99,13,1999,2026,5,13,125000,,,,,,,,중개거래,
아파트_매매,202605,11500,마곡동,422,신안,84.97,4,1993,2026,5,12,107000,,,,,,,,중개거래,
아파트_매매,202605,11500,화곡동,1159,"우장산아이파크,이편한세상",84.97,9,2008,2026,5,12,158000,,,,,,,,중개거래,
아파트_매매,202605,11500,방화동,793,현대,59.89,2,1993,2026,5,13,63500,,,,,,,,중개거래,
아파트_매매,202605,11500,등촌동,635-6,나성,59.8224,9,2003,2026,5,13,61000,,,,,,,,중개거래,
아파트_매매,202605,11500,가양동,1495,한보구암마을,84.39,17,1999,2026,5,13,109000,,,,,,,,중개거래,
아파트_매매,202605,11500,방화동,839,방화그린,49.77,10,1993,2026,5,13,63000,,,,,,,,중개거래,
아파트_매매,202605,11500,마곡동,1535,마곡일성트루엘아파트,59.978,4,2013,2026,5,13,87000,,,,,,,,중개거래,
아파트_매매,202605,11500,화곡동,1091,화곡푸르지오,104.75,8,2002,2026,5,1,119000,,,,,,,,중개거래,O
아파트_매매,202605,11500,등촌동,656-17,지엠벨리,25.61,10,2019,2026,5,8,24500,,,,,,,,중개거래,
아파트_매매,202605,11500,화곡동,980-21,강서아이파크,82.088,11,2005,2026,5,13,76000,,,,,,,,중개거래,
아파트_매매,202605,11500,방화동,817,동성,84.95,2,1993,2026,5,13,80000,,,,,,,,중개거래,
아파트_매매,202605,11500,등촌동,641-4,등촌동보람쉬움아파트,84.51,10,2003,2026,5,13,86000,,,,,,,,중개거래,
아파트_매매,202605,11500,방화동,793,현대,84.99,2,1993,2026,5,13,80750,,,,,,,,중개거래,
아파트_매매,202605,11500,가양동,1490,가양도시개발9-2단지,34.44,10,1993,2026,5,13,69000,,,,,,,,중개거래,
아파트_매매,202605,11500,등촌동,687,"등촌1,2단지주공아파트",41.85,13,1994,2026,5,13,70000,,,,,,,,중개거래,
아파트_매매,202605,11500,화곡동,1159,"우장산아이파크,이편한세상",84.97,19,2008,2026,5,11,149500,,,,,,,,중개거래,
아파트_매매,202605,11500,마곡동,1513,마곡경남아너스빌,84.98,12,2007,2026,5,9,91500,,,,,,,,중개거래,
아파트_매매,202605,11500,염창동,263,태진한솔,84.97,13,1994,2026,5,11,120000,,,,,,,,중개거래,
아파트_매매,202605,11500,가양동,1485,가양6단지,39.6,2,1992,2026,5,13,81700,,,,,,,,중개거래,
아파트_매매,202605,11500,방화동,881,보람,84.96,6,2004,2026,5,13,74000,,,,,,,,중개거래,
아파트_매매,202605,11500,내발산동,657,우장산힐스테이트,84.98,19,2005,2026,5,13,161000,,,,,,,,중개거래,
아파트_매매,202605,11500,가양동,1461,가양2단지(성지),34.69,3,1992,2026,5,12,66700,,,,,,,,중개거래,
아파트_매매,202605,11500,가양동,1496,일신건영휴먼빌,84.95,2,2004,2026,5,12,106000,,,,,,,,중개거래,
아파트_매매,202605,11500,가양동,1475,강변,39.6,2,1992,2026,5,12,74300,,,,,,,,중개거래,
아파트_매매,202605,11500,가양동,1496,일신건영휴먼빌,65.125,1,2004,2026,5,12,88000,,,,,,,,중개거래,
아파트_매매,202605,11500,방화동,796,신동아,59.4,5,1995,2026,5,10,67000,,,,,,,,중개거래,
아파트_매매,202605,11500,내발산동,657,우장산힐스테이트,84.98,9,2005,2026,5,12,156000,,,,,,,,중개거래,
아파트_매매,202605,11500,방화동,868,신안네트빌1단지,84.0164,1,2002,2026,5,12,69000,,,,,,,,중개거래,
아파트_매매,202605,11500,마곡동,734,마곡엠밸리1단지,84.85,6,2014,2026,5,12,143000,,,,,,,,중개거래,
아파트_매매,202605,11500,등촌동,707,"등촌7,8단지주공아파트",41.85,4,1994,2026,5,12,74000,,,,,,,,중개거래,
아파트_매매,202605,11500,화곡동,351-89,중앙화곡하이츠,48.78,3,1988,2026,5,4,41000,,,,,,,,중개거래,
아파트_매매,202605,11500,가양동,1461,가양2단지(성지),34.44,10,1992,2026,5,12,70000,,,,,,,,중개거래,
아파트_매매,202605,11500,등촌동,691-1,동성,101.88,5,1995,2026,5,5,128000,,,,,,,,중개거래,
아파트_매매,202605,11500,방화동,875,방화동동부센트레빌(875번지),84.97,7,2003,2026,5,11,94700,,,,,,,,중개거래,
아파트_매매,202605,11500,등촌동,702,주공10,37.67,9,1995,2026,5,12,70000,,,,,,,,중개거래,
아파트_매매,202605,11500,등촌동,715,등촌동아이파크,165.8299,10,2004,2026,5,1,125000,,,,,,,,중개거래,
아파트_매매,202605,11500,방화동,585-4,삼미,76,4,1982,2026,5,4,72000,,,,,,,,중개거래,
아파트_매매,202605,11500,공항동,1398,더트루엘마곡HQ,48.3293,8,2024,2026,5,10,67500,,,,,,,,직거래,
아파트_매매,202605,11500,방화동,831,방화4단지,134.65,1,1994,2026,5,11,98500,,,,,,,,중개거래,
아파트_매매,202605,11500,방화동,579,마곡 한진해모로,84.97,2,2004,2026,5,8,75500,,,,,,,,중개거래,
아파트_매매,202605,11500,등촌동,691-3,부영,80.64,11,1994,2026,5,11,110000,,,,,,,,중개거래,
아파트_매매,202605,11500,마곡동,1513,마곡경남아너스빌,59.91,2,2007,2026,5,11,76500,,,,,,,,중개거래,
아파트_매매,202605,11500,방화동,814,방화5,49.77,7,1994,2026,5,11,74700,,,,,,,,중개거래,
아파트_매매,202605,11500,방화동,839,방화그린,39.76,10,1993,2026,5,9,48000,,,,,,,,중개거래,
아파트_매매,202605,11500,방화동,814,방화5,39.6,13,1994,2026,5,11,53500,,,,,,,,중개거래,
아파트_매매,202605,11500,가양동,1475,강변,39.6,10,1992,2026,5,1,81000,,,,,,,,중개거래,
아파트_매매,202605,11500,화곡동,351-89,중앙화곡하이츠,74.16,3,1988,2026,5,1,50500,,,,,,,,중개거래,
아파트_매매,202605,11500,등촌동,726,가양역두산위브,84.74,7,2022,2026,5,8,113000,,,,,,,,직거래,
아파트_매매,202605,11500,내발산동,688-4,수명산태송팰리채,72.073,6,2008,2026,5,11,52500,,,,,,,,중개거래,
아파트_매매,202605,11500,공항동,1398,더트루엘마곡HQ,48.3293,11,2024,2026,5,2,64900,,,,,,,,직거래,
아파트_매매,202605,11500,등촌동,691-3,부영,80.64,14,1994,2026,5,5,112000,,,,,,,,중개거래,
아파트_매매,202605,11500,공항동,1398,더트루엘마곡HQ,48.3293,11,2024,2026,5,4,64400,,,,,,,,직거래,
아파트_매매,202605,11500,방화동,867,길성그랑프리텔,57.97,11,2002,2026,5,10,75000,,,,,,,,중개거래,
아파트_매매,202605,11500,가양동,1485,가양6단지,39.6,11,1992,2026,5,10,88000,,,,,,,,중개거래,
아파트_매매,202605,11500,방화동,579,마곡 한진해모로,84.97,5,2004,2026,5,10,83500,,,,,,,,중개거래,
아파트_매매,202605,11500,등촌동,562-5,임광,71.01,5,2000,2026,5,9,79400,,,,,,,,중개거래,
아파트_매매,202605,11500,등촌동,722,등촌파밀리에더클래식101동,48.39,6,2020,2026,5,9,69000,,,,,,,,중개거래,
아파트_매매,202605,11500,방화동,839,방화그린,39.76,11,1993,2026,5,9,47000,,,,,,,,중개거래,
아파트_매매,202605,11500,방화동,796,신동아,84.81,8,1995,2026,5,9,78000,,,,,,,,중개거래,
아파트_매매,202605,11500,방화동,579,마곡 한진해모로,59.92,7,2004,2026,5,9,73000,,,,,,,,중개거래,
아파트_매매,202605,11500,화곡동,1159,"우장산아이파크,이편한세상",84.97,4,2008,2026,5,9,150000,,,,,,,,중개거래,
아파트_매매,202605,11500,방화동,868,신안네트빌1단지,118.1762,6,2002,2026,5,9,79500,,,,,,,,중개거래,
아파트_매매,202605,11500,등촌동,687,"등촌1,2단지주공아파트",41.85,8,1994,2026,5,9,71500,,,,,,,,중개거래,
아파트_매매,202605,11500,마곡동,1525,마곡푸르지오,84.99,10,2008,2026,5,9,127000,,,,,,,,중개거래,
아파트_매매,202605,11500,내발산동,751,마곡수명산파크3단지,84.53,2,2007,2026,5,9,117000,,,,,,,,중개거래,
아파트_매매,202605,11500,마곡동,1565,길훈,65.88,8,1989,2026,5,9,75000,,,,,,,,중개거래,
아파트_매매,202605,11500,가양동,1490,가양도시개발9-2단지,49.5,14,1993,2026,5,9,99600,,,,,,,,중개거래,
아파트_매매,202605,11500,화곡동,1165,강서힐스테이트,59.99,4,2015,2026,5,9,132000,,,,,,,,중개거래,
아파트_매매,202605,11500,염창동,308,강서쌍용예가,84.9025,7,2014,2026,5,9,116500,,,,,,,,중개거래,
아파트_매매,202605,11500,방화동,841,장미,59.04,13,1994,2026,5,9,63300,,,,,,,,중개거래,
아파트_매매,202605,11500,가양동,1490,가양도시개발9-2단지,34.44,2,1993,2026,5,9,64200,,,,,,,,중개거래,
아파트_매매,202605,11500,등촌동,722,등촌파밀리에더클래식101동,79.54,7,2020,2026,5,8,88500,,,,,,,,중개거래,
아파트_매매,202605,11500,염창동,281-22,염창1차한화꿈에그린,84.93,19,2005,2026,5,8,169000,,,,,,,,중개거래,
아파트_매매,202605,11500,마곡동,748,마곡13단지힐스테이트마스터,84.9881,11,2017,2026,5,8,162500,,,,,,,,중개거래,
아파트_매매,202605,11500,가양동,1496,일신건영휴먼빌,84.95,7,2004,2026,5,8,115000,,,,,,,,중개거래,
아파트_매매,202605,11500,내발산동,756,마곡수명산파크7단지,84.53,5,2008,2026,5,8,106000,,,,,,,,중개거래,
아파트_매매,202605,11500,마곡동,1467,마곡우림필유아파트,84.897,12,2003,2026,5,8,90000,,,,,,,,중개거래,
아파트_매매,202605,11500,화곡동,1145,우장산롯데캐슬,177.86,13,2003,2026,5,8,147000,,,,,,,,중개거래,
아파트_매매,202605,11500,마곡동,716,한솔솔파크,84.87,3,2005,2026,5,8,130000,,,,,,,,중개거래,
아파트_매매,202605,11500,등촌동,691-3,부영,80.64,8,1994,2026,5,8,110500,,,,,,,,중개거래,
아파트_매매,202605,11500,염창동,264-27,삼성한아름,84.89,2,1993,2026,5,8,85800,,,,,,,,중개거래,
아파트_매매,202605,11500,내발산동,657,우장산힐스테이트,59.98,11,2005,2026,5,8,138000,,,,,,,,중개거래,
아파트_매매,202605,11500,등촌동,691-3,부영,80.64,10,1994,2026,5,8,55500,,,,,,,,직거래,
아파트_매매,202605,11500,방화동,839,방화그린,49.77,3,1993,2026,5,26,58000,,,,,,,,중개거래,
아파트_매매,202605,11500,가양동,448,강나루2현대,84.84,1,2001,2026,5,1,110000,,,,,,,,중개거래,
아파트_매매,202605,11500,마곡동,744,마곡엠밸리9단지,59.86,14,2021,2026,5,8,152500,,,,,,,,중개거래,
아파트_매매,202605,11500,등촌동,632-2,태영,84.98,3,1998,2026,5,9,90000,,,,,,,,중개거래,
아파트_매매,202605,11500,등촌동,642,제일(코오롱),84.83,8,1999,2026,5,8,93500,,,,,,,,중개거래,
아파트_매매,202605,11500,방화동,858,삼성꽃마을,84.68,12,1997,2026,5,8,60000,,,,,,,,중개거래,
아파트_매매,202605,11500,등촌동,695,주공5,58.14,10,1995,2026,5,7,104500,,,,,,,,중개거래,
아파트_매매,202605,11500,공항동,1374,공항동부센트레빌,84.99,1,2009,2026,5,7,81000,,,,,,,,중개거래,
아파트_매매,202605,11500,가양동,1461,가양2단지(성지),34.44,3,1992,2026,5,7,65000,,,,,,,,중개거래,
아파트_매매,202605,11500,방화동,841,장미,39.96,3,1994,2026,5,7,44000,,,,,,,,중개거래,
아파트_매매,202605,11500,방화동,858,삼성꽃마을,59.99,2,1997,2026,5,7,54000,,,,,,,,중개거래,
아파트_매매,202605,11500,가양동,1461,가양2단지(성지),34.44,1,1992,2026,5,7,60000,,,,,,,,중개거래,
아파트_매매,202605,11500,등촌동,695,주공5,58.14,1,1995,2026,5,7,94300,,,,,,,,중개거래,
아파트_매매,202605,11500,방화동,814,방화5,33.18,4,1994,2026,5,4,44000,,,,,,,,중개거래,
아파트_매매,202605,11500,가양동,1461,가양2단지(성지),39.6,7,1992,2026,5,7,79500,,,,,,,,중개거래,
아파트_매매,202605,11500,등촌동,691-1,동성,101.88,14,1995,2026,5,7,128000,,,,,,,,중개거래,
아파트_매매,202605,11500,화곡동,1173,우장산숲아이파크,59.9969,8,2022,2026,5,7,130000,,,,,,,,중개거래,
아파트_매매,202605,11500,마곡동,736,마곡엠밸리3단지,114.69,2,2014,2026,5,7,164000,,,,,,,,중개거래,
아파트_매매,202605,11500,가양동,1490,가양도시개발9-2단지,49.5,7,1993,2026,5,7,102000,,,,,,,,중개거래,
아파트_매매,202605,11500,방화동,817,동성,64.65,14,1993,2026,5,7,73000,,,,,,,,중개거래,
아파트_매매,202605,11500,마곡동,1513,마곡경남아너스빌,84.98,7,2007,2026,5,6,91000,,,,,,,,중개거래,
아파트_매매,202605,11500,방화동,852,마곡중앙하이츠아파트,39.58,12,1994,2026,5,6,50000,,,,,,,,직거래,
아파트_매매,202605,11500,염창동,66-9,염창동한강우성,65.88,1,1990,2026,5,7,100000,,,,,,,,중개거래,
아파트_매매,202605,11500,가양동,1490,가양도시개발9-2단지,34.44,1,1993,2026,5,7,64000,,,,,,,,중개거래,
아파트_매매,202605,11500,가양동,1497,가양1차보람더하임,83.07,14,2006,2026,5,7,95000,,,,,,,,중개거래,
아파트_매매,202605,11500,가양동,1475,강변,34.44,4,1992,2026,5,7,63000,,,,,,,,중개거래,
아파트_매매,202605,11500,화곡동,1159,"우장산아이파크,이편한세상",59.98,4,2008,2026,5,7,133000,,,,,,,,중개거래,
아파트_매매,202605,11500,방화동,832,청솔,49.2,11,1994,2026,5,6,60000,,,,,,,,중개거래,
아파트_매매,202605,11500,마곡동,738,마곡엠밸리4단지,114.86,1,2014,2026,5,7,150000,,,,,,,,중개거래,
아파트_매매,202605,11500,등촌동,654-79,풍성애뜨란아파트,56.2,5,2016,2026,5,7,48000,,,,,,,,중개거래,
아파트_매매,202605,11500,가양동,1490,가양도시개발9-2단지,34.44,14,1993,2026,5,7,65000,,,,,,,,중개거래,
아파트_매매,202605,11500,방화동,832,청솔,39.36,4,1994,2026,5,6,50500,,,,,,,,중개거래,
아파트_매매,202605,11500,화곡동,1159,"우장산아이파크,이편한세상",59.98,3,2008,2026,5,6,135500,,,,,,,,중개거래,
아파트_매매,202605,11500,화곡동,1159,"우장산아이파크,이편한세상",59.98,6,2008,2026,5,5,139000,,,,,,,,중개거래,
아파트_매매,202605,11500,가양동,1475,강변,49.5,12,1992,2026,5,6,101500,,,,,,,,중개거래,
아파트_매매,202605,11500,가양동,1475,강변,39.6,12,1992,2026,5,6,86250,,,,,,,,중개거래,
아파트_매매,202605,11500,마곡동,1171,마곡현대아파트,84.95,4,1999,2026,5,6,85000,,,,,,,,중개거래,
아파트_매매,202605,11500,가양동,1460,한강타운,84.99,9,1993,2026,5,6,132500,,,,,,,,중개거래,
아파트_매매,202605,11500,방화동,814,방화5,39.6,9,1994,2026,5,6,55000,,,,,,,,중개거래,
아파트_매매,202605,11500,방화동,839,방화그린,39.76,7,1993,2026,5,6,45000,,,,,,,,중개거래,
아파트_매매,202605,11500,방화동,814,방화5,33.18,8,1994,2026,5,6,44500,,,,,,,,중개거래,
아파트_매매,202605,11500,방화동,831,방화4단지,134.65,8,1994,2026,5,6,85000,,,,,,,,중개거래,
아파트_매매,202605,11500,가양동,1485,가양6단지,58.65,6,1992,2026,5,6,123500,,,,,,,,중개거래,
아파트_매매,202605,11500,화곡동,1091,화곡푸르지오,104.75,2,2002,2026,5,6,112000,,,,,,,,중개거래,
아파트_매매,202605,11500,가양동,1490,가양도시개발9-2단지,34.44,2,1993,2026,5,6,61500,,,,,,,,중개거래,
아파트_매매,202605,11500,등촌동,725,마곡루나플라체,22.05,8,2021,2026,5,5,29400,,,,,,,,중개거래,
아파트_매매,202605,11500,화곡동,1145,우장산롯데캐슬,117.19,5,2003,2026,5,6,132000,,,,,,,,중개거래,
아파트_매매,202605,11500,등촌동,715,등촌동아이파크,134.8836,19,2004,2026,5,4,136500,,,,,,,,중개거래,
아파트_매매,202605,11500,등촌동,695,주공5,58.14,12,1995,2026,5,6,105000,,,,,,,,중개거래,
아파트_매매,202605,11500,방화동,832,청솔,39.36,3,1994,2026,5,6,49000,,,,,,,,중개거래,
아파트_매매,202605,11500,가양동,1461,가양2단지(성지),39.6,14,1992,2026,5,6,79000,,,,,,,,중개거래,
아파트_매매,202605,11500,마곡동,1454,마곡태승훼미리아파트,84.08,3,2005,2026,5,6,72000,,,,,,,,중개거래,
아파트_매매,202605,11500,방화동,880,치현마을동일스위트리버,84.9829,14,2004,2026,5,4,73000,,,,,,,,중개거래,
아파트_매매,202605,11500,등촌동,687,"등촌1,2단지주공아파트",41.85,14,1994,2026,5,5,68000,,,,,,,,중개거래,
아파트_매매,202605,11500,등촌동,687,"등촌1,2단지주공아파트",41.85,4,1994,2026,5,5,64000,,,,,,,,중개거래,
아파트_매매,202605,11500,염창동,290,벽산늘푸른,84.94,9,1998,2026,5,5,92000,,,,,,,,중개거래,
아파트_매매,202605,11500,등촌동,691-3,부영,80.64,4,1994,2026,5,5,107000,,,,,,,,중개거래,
아파트_매매,202605,11500,마곡동,422,신안,84.97,5,1993,2026,5,5,106000,,,,,,,,중개거래,
아파트_매매,202605,11500,방화동,614-11,원미,54.75,5,1988,2026,5,5,90000,,,,,,,,중개거래,
아파트_매매,202605,11500,화곡동,1139,초록,59.34,9,1998,2026,5,5,84900,,,,,,,,중개거래,
아파트_매매,202605,11500,마곡동,716,한솔솔파크,84.87,11,2005,2026,5,2,135500,,,,,,,,중개거래,
아파트_매매,202605,11500,마곡동,743-4,마곡엠밸리7단지,114.69,13,2014,2026,5,2,238000,,,,,,,,중개거래,
아파트_매매,202605,11500,화곡동,1165,강서힐스테이트,84.99,4,2015,2026,5,5,148000,,,,,,,,중개거래,
아파트_매매,202605,11500,염창동,293,한강동아,59.97,15,1998,2026,5,5,102000,,,,,,,,중개거래,
아파트_매매,202605,11500,가양동,1461,가양2단지(성지),39.6,13,1992,2026,5,2,80000,,,,,,,,중개거래,
아파트_매매,202605,11500,가양동,1495,한보구암마을,84.39,11,1999,2026,5,5,102700,,,,,,,,중개거래,
아파트_매매,202605,11500,가양동,1461,가양2단지(성지),34.44,9,1992,2026,5,5,66500,,,,,,,,중개거래,
아파트_매매,202605,11500,화곡동,351-89,중앙화곡하이츠,56.88,7,1988,2026,5,4,43000,,,,,,,,중개거래,
아파트_매매,202605,11500,방화동,852,마곡중앙하이츠아파트,39.58,11,1994,2026,5,5,48400,,,,,,,,중개거래,
아파트_매매,202605,11500,염창동,257,리버펠리스1동,142.42,3,2001,2026,5,4,143000,,,,,,,,중개거래,
아파트_매매,202605,11500,염창동,258-1,동아3,84.87,21,1999,2026,5,1,136500,,,,,,,,중개거래,
아파트_매매,202605,11500,염창동,288,현대1,84.84,9,1994,2026,5,4,119000,,,,,,,,중개거래,
아파트_매매,202605,11500,염창동,309,e편한세상염창,74.2998,18,2019,2026,5,4,160000,,,,,,,,중개거래,
아파트_매매,202605,11500,방화동,875,방화동동부센트레빌(875번지),84.98,6,2003,2026,5,4,82500,,,,,,,,중개거래,
아파트_매매,202605,11500,염창동,291,현대3,59.92,2,1996,2026,5,4,86000,,,,,,,,중개거래,
아파트_매매,202605,11500,마곡동,1467,마곡우림필유아파트,84.528,1,2003,2026,5,4,100000,,,,,,,,중개거래,
아파트_매매,202605,11500,화곡동,1165,강서힐스테이트,59.99,7,2015,2026,5,4,137000,,,,,,,,중개거래,
아파트_매매,202605,11500,방화동,585-4,삼미,76,2,1982,2026,5,4,78000,,,,,,,,중개거래,
아파트_매매,202605,11500,내발산동,753,마곡수명산파크4단지,59.84,11,2008,2026,5,4,113800,,,,,,,,중개거래,
아파트_매매,202605,11500,등촌동,691-1,동성,150.05,6,1995,2026,5,4,140000,,,,,,,,중개거래,
아파트_매매,202605,11500,가양동,1485,가양6단지,49.5,4,1992,2026,5,4,98800,,,,,,,,중개거래,
아파트_매매,202605,11500,등촌동,676,태진아름,84.81,3,1995,2026,5,4,85000,,,,,,,,중개거래,
아파트_매매,202605,11500,가양동,1485,가양6단지,49.5,7,1992,2026,5,4,106500,,,,,,,,중개거래,
아파트_매매,202605,11500,화곡동,1173,우장산숲아이파크,59.9983,15,2022,2026,5,5,139200,,,,,,,,중개거래,
아파트_매매,202605,11500,염창동,264-18,송촌,84.99,15,2005,2026,5,4,88500,,,,,,,,중개거래,
아파트_매매,202605,11500,염창동,295,성원,114.12,11,2001,2026,5,4,125000,,,,,,,,중개거래,
아파트_매매,202605,11500,등촌동,688,주공3,58.14,12,1995,2026,5,1,97000,,,,,,,,중개거래,
아파트_매매,202605,11500,염창동,263,태진한솔,84.97,9,1994,2026,5,4,105000,,,,,,,,중개거래,
아파트_매매,202605,11500,화곡동,938-25,성재,62.41,7,2002,2026,5,1,30500,,,,,,,,중개거래,
아파트_매매,202605,11500,가양동,1475,강변,34.44,9,1992,2026,5,4,65000,,,,,,,,중개거래,
아파트_매매,202605,11500,등촌동,713,대동황토방2,80.93,10,2003,2026,5,2,98000,,,,,,,,중개거래,
아파트_매매,202605,11500,화곡동,1095-4,강서그랜드아이파크주상복합,117.97,13,2010,2026,5,3,107500,,,,,,,,중개거래,
아파트_매매,202605,11500,염창동,293,한강동아,59.97,12,1998,2026,5,3,101500,,,,,,,,중개거래,
아파트_매매,202605,11500,염창동,293,한강동아,114.78,6,1998,2026,5,1,153000,,,,,,,,중개거래,
아파트_매매,202605,11500,가양동,1475,강변,34.44,8,1992,2026,5,2,68000,,,,,,,,중개거래,
아파트_매매,202605,11500,가양동,448-9,빛고을우방,84.87,14,1999,2026,5,2,92000,,,,,,,,중개거래,
아파트_매매,202605,11500,방화동,879,"월드메르디앙201동,202동",83.42,7,2004,2026,5,1,79800,,,,,,,,중개거래,
아파트_매매,202605,11500,방화동,793,현대,59.89,11,1993,2026,5,1,66000,,,,,,,,중개거래,
아파트_매매,202605,11500,공항동,1374,공항동부센트레빌,77.26,12,2009,2026,5,1,84000,,,,,,,,중개거래,
아파트_매매,202605,11500,방화동,852,마곡중앙하이츠아파트,39.58,3,1994,2026,5,1,44000,,,,,,,,중개거래,
아파트_매매,202605,11500,등촌동,702,주공10,58.14,9,1995,2026,5,1,101500,,,,,,,,중개거래,
아파트_매매,202605,11500,화곡동,1145,우장산롯데캐슬,85,9,2003,2026,5,1,128800,,,,,,,,중개거래,
아파트_매매,202605,11500,방화동,860,마곡서광(치현마을),59.67,7,1998,2026,5,1,53500,,,,,,,,중개거래,
아파트_매매,202605,11500,화곡동,1158,우장산에스케이뷰,116.92,13,2006,2026,5,1,102000,,,,,,,,중개거래,
아파트_매매,202605,11500,등촌동,702,주공10,58.14,9,1995,2026,5,1,105000,,,,,,,,중개거래,
아파트_매매,202605,11500,등촌동,695,주공5,58.14,15,1995,2026,5,1,95000,,,,,,,,중개거래,
아파트_매매,202605,11500,등촌동,727,"등촌지와인아파트,비지니스센터",74.0328,6,2023,2026,5,19,100000,,,,,,,,중개거래,
아파트_매매,202605,11500,공항동,1398,더트루엘마곡HQ,48.3293,12,2024,2026,5,6,64400,,,,,,,,직거래,
